,Offset.Project.Operator,Project.Name,Project Type,tot,Project Owner,Website
125,"EOS Climate, Inc.",2014-P4,Ozone Depleting Substances,71825,Blue Source,http://www.bluesource.com/
25,"California Bioenergy,",ABEC New Hope LLC,Livestock,4978,California Bioenergy,https://calbioenergy.com/
247,Reclamation,A-Gas 2018-3,Ozone Depleting Substances,97831,A Gas,https://www.agas.com/
248,Reclamation,A-Gas 2018-4,Ozone Depleting Substances,110290,A Gas,https://www.agas.com/
249,Reclamation,A-Gas 2018-5,Ozone Depleting Substances,102700,A Gas,https://www.agas.com/
250,Reclamation,A-Gas 2018-7,Ozone Depleting Substances,159218,A Gas,https://www.agas.com/
251,Reclamation,A-Gas 2018-8,Ozone Depleting Substances,128012,A Gas,https://www.agas.com/
252,Reclamation,A-Gas 2018-9,Ozone Depleting Substances,93703,A Gas,https://www.agas.com/
253,Reclamation,A-Gas 2019-1,Ozone Depleting Substances,138241,A Gas,https://www.agas.com/
254,Reclamation,A-Gas 2019-3,Ozone Depleting Substances,114871,A Gas,https://www.agas.com/
255,Reclamation,A-GAS Americas 2015-1,Ozone Depleting Substances,134418,A Gas,https://www.agas.com/
256,Reclamation,A-GAS Americas 2015-2,Ozone Depleting Substances,135577,A Gas,https://www.agas.com/
257,Reclamation,A-Gas Americas 2016-2,Ozone Depleting Substances,181190,A Gas,https://www.agas.com/
258,Reclamation,A-Gas Americas 2017-1,Ozone Depleting Substances,141207,A Gas,https://www.agas.com/
259,Reclamation,A-Gas Americas 2017-2,Ozone Depleting Substances,140916,A Gas,https://www.agas.com/
260,Reclamation,A-Gas Americas 2017-3,Ozone Depleting Substances,140698,A Gas,https://www.agas.com/
261,Reclamation,A-Gas Americas 2017-4,Ozone Depleting Substances,122128,A Gas,https://www.agas.com/
262,Reclamation,A-Gas Americas 2017-6,Ozone Depleting Substances,55404,A Gas,https://www.agas.com/
263,Reclamation,A-Gas Americas 2017-8,Ozone Depleting Substances,223464,A Gas,https://www.agas.com/
264,Reclamation,A-Gas Americas 2018-1,Ozone Depleting Substances,154972,A Gas,https://www.agas.com/
265,Reclamation,A-Gas Americas 2018-2,Ozone Depleting Substances,119844,A Gas,https://www.agas.com/
266,Reclamation,A-Gas O’Hare,Ozone Depleting Substances,111348,A Gas,https://www.agas.com/
267,Reclamation,A-GAS RemTec 2013-1,Ozone Depleting Substances,93055,A Gas,https://www.agas.com/
268,Reclamation,A-GAS RemTec 2013-4,Ozone Depleting Substances,191960,A Gas,https://www.agas.com/
269,Reclamation,A-GAS RemTec 2013-5,Ozone Depleting Substances,129099,A Gas,https://www.agas.com/
270,Reclamation,A-GAS RemTec 2014-1,Ozone Depleting Substances,129838,A Gas,https://www.agas.com/
271,Reclamation,A-GAS RemTec 2014-2,Ozone Depleting Substances,107744,A Gas,https://www.agas.com/
272,Reclamation,A-GAS RemTec 2014-3,Ozone Depleting Substances,148331,A Gas,https://www.agas.com/
222,Northeast Wilderness,Alder Stream Preserve,U.S. Forest,29566,Northeast Wilderness Trust,www.newildernesstrust.org/wild-carbon/mitigation/
28,Camco International,Alliance Dairies,Livestock,9092,Camco International,https://www.camco.energy/
11,Alliance Dairies,Alliance Dairy,Livestock,57087,Alliance Dairies,https://www.alliancedairies.com/
218,Nisqually Land Trust,Ashford III,U.S. Forest,37875,Washington Environmental Council,https://wecprotects.org/
14,"Aurora Ridge Dairy,",Aurora Ridge,Livestock,42642,Ag Methane Advisors,http://www.agmethaneadvisors.com/
15,"Aurora Ridge Dairy,",Aurora Ridge Dairy,Livestock,50933,Ag Methane Advisors,http://www.agmethaneadvisors.com/
344,"Wabashco, LLC",Baker Mine AMM,Mine Methane,2236,"Wabashco, Inc",0
284,Ross Bewley,Bewley Ranches,U.S. Forest,662883,Bewley Ranches,0
304,The Conservation,Big River / Salmon Creek,U.S. Forest,986407,The Conservation Fund,https://www.conservationfund.org/
100,"DF-AP#1, LLC",Big Sky Dairy,Livestock,114253,Bonneville Environmental Foundation,http://www.b-e-f.org/
354,Western Rivers,Blue Creek,U.S. Forest,690603,Bonneville Environmental Foundation,http://www.westernrivers.org/projectatlas/blue-creek/
20,"Blue Mountain Biogas,",Blue Mountain Biogas,Livestock,192269,Blue Mountain Biogas,0
10,Allegheny Rural,Blue Source – Allegheny,U.S. Forest,1711529,Blue Source,http://www.bluesource.com/
203,Mattamuskeet,Blue Source – Alligator River,U.S. Forest,477935,Blue Source,http://www.bluesource.com/
175,Heartwood Forestland,Blue Source – Bishop Improved,U.S. Forest,2514594,Blue Source,http://www.bluesource.com/
215,National Audubon,Blue Source – Francis Beidler,U.S. Forest,450908,Blue Source,http://www.bluesource.com/
168,"Goodman Forest, LLC",Blue Source – Goodman,U.S. Forest,729879,Blue Source,http://www.bluesource.com/
169,Great Mountain Forest,Blue Source – Great Mountain,U.S. Forest,293972,Blue Source,http://www.bluesource.com/
176,Heartwood Forestland,Blue Source – Lonesome Pine,U.S. Forest,447124,Blue Source,http://www.bluesource.com/
177,Heartwood Forestland,Blue Source – Marmet,U.S. Forest,823265,Blue Source,http://www.bluesource.com/
208,Michael A. Noles,Blue Source – Noles North,U.S. Forest,28946,Blue Source,http://www.bluesource.com/
209,Michael A. Noles,Blue Source – Noles South,U.S. Forest,27566,Blue Source,http://www.bluesource.com/
224,"Northwoods ATP, LP",Blue Source – Northwoods,U.S. Forest,325415,Blue Source,http://www.bluesource.com/
22,Brinkley Melvin,Blue Source – Pocosin Lakes,U.S. Forest,185878,Blue Source,http://www.bluesource.com/
243,Quercus West,Blue Source – Powellton,U.S. Forest,1251198,Blue Source,http://www.bluesource.com/
98,David Dicktel,Blue Source – Pungo River,U.S. Forest,86679,Blue Source,http://www.bluesource.com/
360,Wisconsin Northern,Blue Source – Wisconsin,U.S. Forest,305122,Blue Source,http://www.bluesource.com/
361,"Wolf River ATP, LP",Blue Source – Wolf River,U.S. Forest,495906,Blue Source,http://www.bluesource.com/
165,Global Carbon,Bluesource GCS Bear Canyon,Mine Methane,59904,Blue Source,http://www.bluesource.com/
103,"ECC Windsor, Inc.",BMMC1,Mine Methane,36759,Blue Source,http://www.bluesource.com/
108,Environmental Credit,Bos Dairy,Livestock,4077,ClimeCo,https://climeco.com/
21,"Bridgewater Dairy,",Bridgewater Dairy LLC,Livestock,45459,Bridgewater Dairy,http://www.bridgewaterdairy.com/
23,"Brook View Dairy, LLC",Brook View Dairy Methane,Livestock,78937,Brook View Dairy,https://brookviewdairy.com/
106,Edward Miller Trust,Brush Creek,U.S. Forest,71587,Edward Miller Trust,0
70,"Coastal Forestlands,",Brushy Mountain,U.S. Forest,1458494,Coastal Forestlands,0
289,Sierra Pacific,Buck Mountain ARB002,U.S. Forest,244181,Sierra Pacific Industries,https://www.spi-ind.com/
299,Sustainable,Buckeye Forest Project,U.S. Forest,595681,The Conservation Fund,https://www.conservationfund.org/projects/buckeye-forest
6,ABEC Bidart-Old,CalBio ORRD Project,Livestock,119545,California Bioenergy,https://calbioenergy.com/
341,Vessels Cambria 33,Cambria 33 Abandoned Mine,Mine Methane,22118,Vessels Coal Inc,vesselscoalgas.com/
342,"Vessels Coal Gas, Inc.",Cambria 33 Abandoned Mine,Mine Methane,107064,Vessels Coal Inc,vesselscoalgas.com/
73,Compatible Lands,Camp Shelby Forest Carbon,U.S. Forest,18683,Eco Partners,https://www.epcarbon.com/
26,California Timberlands,Cappell Creek Improved Forest,U.S. Forest,302769,California Timberlands,0
46,"Central Sands Dairy,","Central Sands Dairy, LLC",Livestock,61789,California Timberlands,0
1,"3Degrees Group, Inc.",Clean Fuel Partners Dane,Livestock,17208,3Degrees,https://3degreesinc.com/
47,ClimeCo Corporation,ClimeCo ODS Destruction 16,Ozone Depleting Substances,245946,ClimeCo,https://climeco.com/
48,ClimeCo Corporation,ClimeCo ODS Destruction 18,Ozone Depleting Substances,226896,ClimeCo,https://climeco.com/
49,ClimeCo Corporation,ClimeCo ODS Destruction 20,Ozone Depleting Substances,72606,ClimeCo,https://climeco.com/
50,ClimeCo Corporation,ClimeCo ODS Destruction 21,Ozone Depleting Substances,140452,ClimeCo,https://climeco.com/
51,ClimeCo Corporation,ClimeCo ODS Destruction 22,Ozone Depleting Substances,53956,ClimeCo,https://climeco.com/
52,ClimeCo Corporation,ClimeCo ODS Destruction 23,Ozone Depleting Substances,44681,ClimeCo,https://climeco.com/
53,ClimeCo Corporation,ClimeCo ODS Destruction 24,Ozone Depleting Substances,56727,ClimeCo,https://climeco.com/
54,ClimeCo Corporation,ClimeCo ODS Destruction 25,Ozone Depleting Substances,71572,ClimeCo,https://climeco.com/
55,ClimeCo Corporation,ClimeCo ODS Destruction 26,Ozone Depleting Substances,123703,ClimeCo,https://climeco.com/
56,ClimeCo Corporation,ClimeCo ODS Destruction 27,Ozone Depleting Substances,50473,ClimeCo,https://climeco.com/
57,ClimeCo Corporation,ClimeCo ODS Destruction 28,Ozone Depleting Substances,58745,ClimeCo,https://climeco.com/
58,ClimeCo Corporation,ClimeCo ODS Destruction 29,Ozone Depleting Substances,97696,ClimeCo,https://climeco.com/
59,ClimeCo Corporation,ClimeCo ODS Destruction 30,Ozone Depleting Substances,140146,ClimeCo,https://climeco.com/
60,ClimeCo Corporation,ClimeCo ODS Destruction 31,Ozone Depleting Substances,56139,ClimeCo,https://climeco.com/
233,"Peabody Natural Gas,",Coal Mine Methane Capture,Mine Methane,1072724,Peabody Natural Gas,https://www.peabodyenergy.com/
76,"Congaree River, LLC,",Congaree River,U.S. Forest,94711,Congaree River,0
78,"Coolgas, Inc.",Coolgas 2015-3,Ozone Depleting Substances,108622,A-Gas,https://www.agas.com/
79,"Coolgas, Inc.",Coolgas 2016-1,Ozone Depleting Substances,145594,A-Gas,https://www.agas.com/
80,"Coolgas, Inc.",Coolgas 2016-3,Ozone Depleting Substances,133239,A-Gas,https://www.agas.com/
81,"Coolgas, Inc.",Coolgas 2016-4,Ozone Depleting Substances,96564,A-Gas,https://www.agas.com/
82,"Coolgas, Inc.",Coolgas 2017-5,Ozone Depleting Substances,50793,A-Gas,https://www.agas.com/
83,"Coolgas, Inc.",Coolgas 2017-7,Ozone Depleting Substances,33184,A-Gas,https://www.agas.com/
84,"Coolgas, Inc.",Coolgas 2018-6,Ozone Depleting Substances,60855,A-Gas,https://www.agas.com/
85,"Coolgas, Inc.",Coolgas 2019-2,Ozone Depleting Substances,113564,A-Gas,https://www.agas.com/
86,"Coolgas, Inc.",Coolgas ODS 2013 Project #1,Ozone Depleting Substances,108627,A-Gas,https://www.agas.com/
87,"Coolgas, Inc.",Coolgas US ODS Project 1,Ozone Depleting Substances,197988,A-Gas,https://www.agas.com/
88,"Coolgas, Inc.",Coolgas US ODS Project 2,Ozone Depleting Substances,163884,A-Gas,https://www.agas.com/
195,"Keyrock Energy, LLC",Corinth Abandoned Mine,Mine Methane,1189749,Keyrock Energy Inc,0
161,"Gallo Cattle Company,",Cottonwood Dairy Livestock,Livestock,58567,Gallo Cattle Company,
172,Grey K Trading,Cottonwood Dairy Livestock,Livestock,44675,Grey K Trading,
90,"Cow Poo, LLC",Cow Poo Digester,Livestock,7781,"Cow Poo, LLC",0
109,Environmental Credit,Coyne Farms,Livestock,2314,ClimeCo,https://climeco.com/
91,"CSE Operating I, LLC",CSE Arizona Facility,Livestock,68814,Center for Sustainable Energy,https://energycenter.org/
92,"CSE Operating I, LLC",CSE AZ Facility I,Livestock,21814,Center for Sustainable Energy,https://energycenter.org/
95,"Dairy Dreams, LLC",Dairy Dreams,Livestock,65164,Native Energy,https://nativeenergy.com/
96,"Dairy Dreams, LLC",Dairy Dreams Methane,Livestock,60092,Native Energy,https://nativeenergy.com/
365,"WTE Dairyland, LLC",Dairyland Digester,Livestock,108462,WTE Dairies,0
366,"WTE Deer Run, LLC",Deer Run Digester,Livestock,31414,WTE Dairies,0
31,Camco International,District 45 Dairy,Livestock,57676,Camco International,https://www.camco.energy/
279,"Riverview, LLP",District 45 Dairy,Livestock,59593,Riverview LLP,https://www.riverviewllp.com/
8,"Ag Power Jerome,",Double A Dairy,Livestock,227049,Camco International,https://www.camco.energy/
32,Camco International,Double A Dairy,Livestock,131435,Camco International,https://www.camco.energy/
101,Diversified Pure,DPC Domestic ODS,Ozone Depleting Substances,1116126,Camco International,https://www.camco.energy/
113,Environmental Credit,ECC ODS Destruction 11-2013,Ozone Depleting Substances,113438,ClimeCo,https://climeco.com/
115,Environmental Credit,ECC ODS Destruction 2012,Ozone Depleting Substances,306517,ClimeCo,https://climeco.com/
116,Environmental Credit,ECC ODS Destruction 2013,Ozone Depleting Substances,255227,ClimeCo,https://climeco.com/
114,Environmental Credit,ECC ODS Destruction 2-2014,Ozone Depleting Substances,126314,ClimeCo,https://climeco.com/
110,Environmental Credit,ECC-ODS-CA-002,Ozone Depleting Substances,27951,ClimeCo,https://climeco.com/
111,Environmental Credit,ECC-ODS-PA-001,Ozone Depleting Substances,310672,ClimeCo,https://climeco.com/
112,Environmental Credit,ECC-ODS-PA-003,Ozone Depleting Substances,350673,ClimeCo,https://climeco.com/
33,Camco International,"Edaleen Cow Power, LLC",Livestock,16901,Camco International,https://www.camco.energy/
104,"Edaleen Cow Power,","Edaleen Cow Power, LLC",Livestock,32952,Camco International,https://www.camco.energy/
220,"North Fork Energy,",Elk Creek Coal Mine Methane,Mine Methane,266263,Vessels Coal Inc,vesselscoalgas.com/
343,"Vessels Coal Gas, Inc.",Elk Creek Coal Mine Methane,Mine Methane,432609,Vessels Coal Inc,vesselscoalgas.com/
221,"North Fork Energy,",Elk Creek Permit Area,Mine Methane,420398,Vessels Coal Inc,vesselscoalgas.com/
129,"EOS Climate, Inc.",EOS ACR 2013,Ozone Depleting Substances,249025,Blue Source,http://www.bluesource.com/
130,"EOS Climate, Inc.",EOS ACR 213,Ozone Depleting Substances,127664,Blue Source,http://www.bluesource.com/
131,"EOS Climate, Inc.",EOS ACR 214,Ozone Depleting Substances,145580,Blue Source,http://www.bluesource.com/
132,"EOS Climate, Inc.",EOS ACR 240,Ozone Depleting Substances,129700,Blue Source,http://www.bluesource.com/
133,"EOS Climate, Inc.",EOS ACR 252,Ozone Depleting Substances,140736,Blue Source,http://www.bluesource.com/
134,"EOS Climate, Inc.",EOS ACR 253,Ozone Depleting Substances,135017,Blue Source,http://www.bluesource.com/
135,"EOS Climate, Inc.",EOS ACR 271,Ozone Depleting Substances,124882,Blue Source,http://www.bluesource.com/
136,"EOS Climate, Inc.",EOS ACR 285,Ozone Depleting Substances,45663,Blue Source,http://www.bluesource.com/
137,"EOS Climate, Inc.",EOS ACR 311,Ozone Depleting Substances,107264,Blue Source,http://www.bluesource.com/
138,"EOS Climate, Inc.",EOS ACR 312,Ozone Depleting Substances,140871,Blue Source,http://www.bluesource.com/
139,"EOS Climate, Inc.",EOS ACR 315,Ozone Depleting Substances,86839,Blue Source,http://www.bluesource.com/
140,"EOS Climate, Inc.",EOS ACR 316,Ozone Depleting Substances,104897,Blue Source,http://www.bluesource.com/
141,"EOS Climate, Inc.",EOS ACR 351,Ozone Depleting Substances,28562,Blue Source,http://www.bluesource.com/
142,"EOS Climate, Inc.",EOS ACR 352,Ozone Depleting Substances,68637,Blue Source,http://www.bluesource.com/
143,"EOS Climate, Inc.",EOS ACR 356,Ozone Depleting Substances,110720,Blue Source,http://www.bluesource.com/
144,"EOS Climate, Inc.",EOS ACR 357,Ozone Depleting Substances,84131,Blue Source,http://www.bluesource.com/
145,"EOS Climate, Inc.",EOS ACR 358,Ozone Depleting Substances,60749,Blue Source,http://www.bluesource.com/
146,"EOS Climate, Inc.",EOS ARB ODS 2013-1,Ozone Depleting Substances,107542,Blue Source,http://www.bluesource.com/
147,"EOS Climate, Inc.",EOS ARB ODS 2013-2,Ozone Depleting Substances,55996,Blue Source,http://www.bluesource.com/
148,"EOS Climate, Inc.",EOS ARB ODS 2013-3,Ozone Depleting Substances,122800,Blue Source,http://www.bluesource.com/
149,"EOS Climate, Inc.",EOS ARB ODS 2013-5,Ozone Depleting Substances,126155,Blue Source,http://www.bluesource.com/
150,"EOS Climate, Inc.",EOS ARB ODS 2013-6,Ozone Depleting Substances,51864,Blue Source,http://www.bluesource.com/
151,"EOS Climate, Inc.",EOS ARB ODS 2013-7,Ozone Depleting Substances,84418,Blue Source,http://www.bluesource.com/
152,"EOS Climate, Inc.",EOS ARB ODS 2013-8,Ozone Depleting Substances,67490,Blue Source,http://www.bluesource.com/
153,"EOS Climate, Inc.",EOS ARB ODS 2014-1,Ozone Depleting Substances,122080,Blue Source,http://www.bluesource.com/
154,"EOS Climate, Inc.",EOS ARB ODS 2014-2,Ozone Depleting Substances,33214,Blue Source,http://www.bluesource.com/
155,"EOS Climate, Inc.",EOS CAR 1074,Ozone Depleting Substances,57134,Blue Source,http://www.bluesource.com/
126,"EOS Climate, Inc.",EOS-2013 Domestic,Ozone Depleting Substances,366729,Blue Source,http://www.bluesource.com/
127,"EOS Climate, Inc.",EOS-CAR2011 Domestic,Ozone Depleting Substances,648454,Blue Source,http://www.bluesource.com/
128,"EOS Climate, Inc.",EOS-JA-09-01,Ozone Depleting Substances,1017016,Blue Source,http://www.bluesource.com/
156,"Fair Oaks Dairy Farm,",Fair Oaks Dairy Farm LLC,Livestock,132079,Fair Oaks Dairy,https://fofarms.com/
34,Camco International,"Fair Oaks Dairy Farm, LLC",Livestock,171205,Camco International,https://www.camco.energy/
157,Farm Power,Farm Power Lynden Anaerobic,Livestock,51336,Farm Power Lynden,https://www.farmpower.com/
303,The Climate Trust,Farm Power Lynden Anaerobic,Livestock,10426,The Climate Trust,https://climatetrust.org/
117,Environmental Credit,Fessenden Dairy,Livestock,2027,The Climate Trust,https://climatetrust.org/
232,Passamaquoddy Joint,Finite Carbon –,U.S. Forest,3430380,Finite Carbon,https://www.finitecarbon.com/
9,"Ahtna, Incorporated",Finite Carbon – Ahtna Native,U.S. Forest,12502637,Finite Carbon,https://www.finitecarbon.com/
12,AMC Maine Woods,Finite Carbon – AMC Silver,U.S. Forest,139152,Finite Carbon,https://www.finitecarbon.com/
18,"Berry Summit, LLC",Finite Carbon – Berry Summit,U.S. Forest,196786,Finite Carbon,https://www.finitecarbon.com/
219,Norfolk Southern,Finite Carbon – Brosnan Forest,U.S. Forest,286277,Finite Carbon,https://www.finitecarbon.com/
74,Confederated Tribes,Finite Carbon – Colville IFM,U.S. Forest,12336210,Finite Carbon,https://www.finitecarbon.com/
194,Jackson Timberland,Finite Carbon – JTO Champion,U.S. Forest,889885,Finite Carbon,https://www.finitecarbon.com/
166,"GLS Woodlands, LLC",Finite Carbon – Lyme Grand,U.S. Forest,484167,Finite Carbon,https://www.finitecarbon.com/
202,Massachusetts,Finite Carbon – Massachusetts,U.S. Forest,655723,Finite Carbon,https://www.finitecarbon.com/
89,"Corrigan TLP, LLC",Finite Carbon – Molpus Ataya,U.S. Forest,2576141,Finite Carbon,https://www.finitecarbon.com/
213,"MWF Adirondacks,",Finite Carbon – MWF,U.S. Forest,924485,Finite Carbon,https://www.finitecarbon.com/
214,MWF Brimstone,Finite Carbon – MWF,U.S. Forest,239305,Finite Carbon,https://www.finitecarbon.com/
217,New England Forestry,Finite Carbon – NEFF,U.S. Forest,55767,Finite Carbon,https://www.finitecarbon.com/
240,Potlatch Forest,Finite Carbon – Potlatch Moro,U.S. Forest,278080,Finite Carbon,https://www.finitecarbon.com/
287,Sealaska Corporation,Finite Carbon – Sealaska,U.S. Forest,9599861,Finite Carbon,https://www.finitecarbon.com/
288,"Shannondale Carbon,",Finite Carbon – Shannondale,U.S. Forest,137536,Finite Carbon,https://www.finitecarbon.com/
302,Tennessee River,Finite Carbon – Tennessee,U.S. Forest,298672,Finite Carbon,https://www.finitecarbon.com/
178,Heartwood Forestland,Finite Carbon – The,U.S. Forest,2626763,Finite Carbon,https://www.finitecarbon.com/
77,Connecticut Lakes,Finite Carbon – The Forestland,U.S. Forest,1507190,Finite Carbon,https://www.finitecarbon.com/
179,Heartwood Forestland,Finite Carbon – The Forestland,U.S. Forest,134809,Finite Carbon,https://www.finitecarbon.com/
335,Upper Hudson,Finite Carbon – Upper Hudson,U.S. Forest,1139633,Finite Carbon,https://www.finitecarbon.com/
102,Downeast Lakes Land,Finite Carbon Farm Cove,U.S. Forest,229402,Finite Carbon,https://www.finitecarbon.com/
158,"Fiscalini Properties,",Fiscalini Farms Anaerobic,Livestock,17840,Fiscalini Properties,0
17,Berea College,Forest Carbon Partners –,U.S. Forest,303715,Forest Carbon Partners,http://newforests.com.au/forests-carbon-partners/
167,GM Gabrych Family,Forest Carbon Partners –,U.S. Forest,231958,Forest Carbon Partners,http://newforests.com.au/forests-carbon-partners/
207,Mescalero Apache,Forest Carbon Partners –,U.S. Forest,3719171,Forest Carbon Partners,http://newforests.com.au/forests-carbon-partners/
105,Eddie Ranch,Forest Carbon Partners – Eddie,U.S. Forest,222177,Forest Carbon Partners,http://newforests.com.au/forests-carbon-partners/
283,Ronald Glass,Forest Carbon Partners – Glass,U.S. Forest,218922,Forest Carbon Partners,http://newforests.com.au/forests-carbon-partners/
305,The Conservation,Garcia River Forest,U.S. Forest,254857,The Conservation Fund,https://www.conservationfund.org/
306,The Conservation,Garcia River Forest – ARB,U.S. Forest,349598,The Conservation Fund,https://www.conservationfund.org/
35,Camco International,Gardeau Crest Dairy,Livestock,22054,Camco International,https://www.camco.energy/
162,"Gardeau Crest Farms,",Gardeau Crest Dairy,Livestock,56187,Gardeau Crest,https://www.camco.energy/
163,George DeRuyter and,George DeRuyter and Sons,Livestock,28932,Terrapass,https://www.terrapass.com/project/george-deruyter-and-sons-dairy
164,GJ TeVelde Ranch,GJ TeVelde Ranch Dairy,Livestock,27942,GJ TeVelde Ranch,0
94,CTB Timberland,Green Assets – BJT Avoided,U.S. Forest,243527,Green Assets,https://www.green-assets.com/
182,Holland M. Ware,Green Assets – HMWCF-I,U.S. Forest,729216,Green Assets,https://www.green-assets.com/
183,Holland M. Ware,Green Assets – HMWCF-II,U.S Forest,548909,Green Assets,https://www.green-assets.com/
197,Lukens Island Timber,Green Assets – Lukens,U.S. Forest,199588,Green Assets,https://www.green-assets.com/
210,"Middleton Place, LLC",Green Assets – Middleton,U.S. Forest,453455,Green Assets,https://www.green-assets.com/
211,"Milbury Plantation,",Green Assets – Milbury,U.S. Forest,743046,Green Assets,https://www.green-assets.com/
24,Brookgreen Gardens,Green Assets-Brookgreen,U.S. Forest,162551,Green Assets,https://www.green-assets.com/
170,Green Diamond,Green Diamond Resource,U.S. Forest,485492,Green Diamond Resource Company,https://www.greendiamond.com/
36,Camco International,Green Meadow Farm,Livestock,4565,Camco International,https://www.camco.energy/
293,"Solvay Chemicals, Inc.",Green River Trona Mine,Mine Methane,498654,Solvay Chemicals Inc.,https://www.solvay.us/en/index.html
227,Origin Climate Inc.,Green Valley Dairy,Livestock,47304,3Degrees,https://3degreesinc.com/
171,"Green Valley Dairy,",Green Valley Dairy Methane,Livestock,66954,Terrapass,https://www.terrapass.com/
205,Mendocino Redwood,Greenwood Creek,U.S. Forest,267975,Mendocino Redwood Company,https://www.hrcllc.com/
2,"3Degrees Group, Inc.",Greenwood Dairy Anaerobic,Livestock,15735,3Degrees,https://3degreesinc.com/
173,"Grotegut Dairy Farm,","Grotegut Dairy Farm, Inc.",Livestock,43865,Terrapass,https://www.terrapass.com/
307,The Conservation,Gualala River Forest,U.S. Forest,283014,The Conservation Fund,https://www.conservationfund.org/
308,The Conservation,Gualala River Forest – ARB,U.S. Forest,235840,The Conservation Fund,https://www.conservationfund.org/
174,Hanes Ranch,Hanes Ranch Forest Carbon,U.S. Forest,102870,Forest Carbon Partners,http://newforests.com.au/forests-carbon-partners/
118,Environmental Credit,Herrema Dairy,Livestock,19480,ClimeCo,https://climeco.com/
119,Environmental Credit,Hidden View Dairy,Livestock,36730,ClimeCo,https://climeco.com/
99,"Davis Family Dairies,",High Island Dairy,Livestock,52086,High Island Dairy,
206,Mendocino Redwood,Hollow Tree,U.S. Forest,660635,Mendocino Redwood Company,https://www.hrcllc.com/
184,"Holsum Dairies, LLC",Holsum Elm,Livestock,48567,Holsum Dairies,www.holsumdairies.com/
185,"Holsum Dairies, LLC",Holsum Elm Dairy,Livestock,48481,Holsum Dairies,www.holsumdairies.com/
186,"Holsum Dairies, LLC",Holsum Irish Dairy,Livestock,72657,Holsum Dairies,www.holsumdairies.com/
3,"3Degrees Group, Inc.",Homestead Green Energy,Livestock,23745,3Degrees,https://3degreesinc.com/
187,Honeywell,Honeywell ODS Destruction,Ozone Depleting Substances,128072,Honeywell Refridgerants,
223,Northeast Wilderness,Howland Research Forest,U.S. Forest,39469,Northeast Wilderness Trust,www.newildernesstrust.org/wild-carbon/mitigation/
188,Hudson Technologies,Hudson Tech 2018-1,Ozone Depleting Substances,21967,Hudson Technologies,https://www.hudsontech.com/
189,Hudson Technologies,Hudson Tech 2019-1,Ozone Depleting Substances,54157,Hudson Technologies,https://www.hudsontech.com/
190,Hudson Technologies,Hudson Tech 2019-2,Ozone Depleting Substances,44551,Hudson Technologies,https://www.hudsontech.com/
191,Huron Mountain Club,Huron Mountain Club Forest,U.S. Forest,1099667,Huron Mountain Club,https://huronmountainclub.org/
192,"Ideal Family Farms,",Ideal Family Farms Digester,Livestock,21042,Ideal Family Farms,
193,"Irony, LLC",Irony,Ozone Depleting Substances,8330,"Irony, LLC",
4,"3Degrees Group, Inc.",Kettle Butte Digester,Livestock,43886,3Degrees,https://3degreesinc.com/
196,"Lamb Farms, Inc.",Lambs Dairy Digester,Livestock,29203,Lamb Dairy Digesters,
93,"CSE Operating II, LLC",Linde,Livestock,2975,Center for Sustainable Energy,https://energycenter.org/
27,California Timberlands,Lord Ellis Improved Forest,U.S. Forest,290915,California Timberlands,
199,"Mailliard Ranch, a",Mailliard Ranch,U.S. Forest,763870,The Conservation Fund,https://www.conservationfund.org/
200,"Maple Leaf Dairy, Inc.",Maple Leaf Dairy East,Livestock,25013,Maple Leaf Dairy,
201,"Maple Leaf Dairy, Inc.",Maple Leaf Dairy West,Livestock,61474,Maple Leaf Dairy,
204,McElroy Green,Marshall County VAM,Mine Methane,1045923,McElroy Green Marketing,
16,"Bascom Pacific, LLC",McCloud River,U.S. Forest,214660,Blue Source,http://www.bluesource.com/
120,Environmental Credit,Miedema Dairy,Livestock,3668,ClimeCo,https://climeco.com/
107,Edward Miller Trust,Miller Forest,U.S. Forest,243201,Edward Miller Trust,
212,"Montesol, LLC",Montesol – Forest Carbon,U.S. Forest,176441,Forest Carbon Partners,http://newforests.com.au/forests-carbon-partners/
216,"New Energy One, LLC",New Energy One Livestock,Livestock,192984,New Energy One,
225,"Open Sky Ranch, Inc.",Open Sky Ranch Dairy Digester,Livestock,62741,Open Sky Ranch Dairy,
230,"Pacific Rim Energy,",Pacific Rim Dairy Digester,Livestock,69292,Pacific Rim,
228,Origin Climate Inc.,Pagel's Ponderosa Dairy,Livestock,35876,3Degrees,https://3degreesinc.com/
231,Pagel's Ponderosa,Pagel's Ponderosa Dairy,Livestock,70109,Pagel's Dairy,www.pagelsponderosa.com/
121,Environmental Credit,Patterson Farms,Livestock,7682,ClimeCo,https://climeco.com/
61,ClimeCo Corporation,Patterson Farms COP,Livestock,18283,ClimeCo,https://climeco.com/
241,Pure Chem,PCS Domestic ODS,Ozone Depleting Substances,401525,A-Gas,https://www.agas.com/
234,Perfect Score,Perfect Cycle ODS-1,Ozone Depleting Substances,52500,Perfect Score Technologies,www.perfectscore.com/
235,Perfect Score,Perfect Cycle ODS-2,Ozone Depleting Substances,42233,Perfect Score Technologies,www.perfectscore.com/
236,Perfect Score,Perfect Cycle ODS-3,Ozone Depleting Substances,52930,Perfect Score Technologies,www.perfectscore.com/
237,"Perfect Score Too,",Perfect Cycle ODS-4,Ozone Depleting Substances,65097,Perfect Score Technologies,www.perfectscore.com/
239,"Pixley Biogas, LLC","Pixley Biogas, LLC",Livestock,22375,Pixley Biogas,
5,"3Degrees Group, Inc.",Port of Tillamook Bay Regional,Livestock,20133,3Degrees,https://3degreesinc.com/
242,Pure Chem,Pure Chem Domestic ODS,Ozone Depleting Substances,346815,A-Gas,https://www.agas.com/
275,Refrigerant Exchange,Refex ODS California 2010,Ozone Depleting Substances,12510,Refridgerant Exchange Corp,www.refex.com/
273,Reclamation,RemTec International ODS,Ozone Depleting Substances,371236,RemTec,http://remtec.com/
274,Reclamation,RemTec ODS Destruction,Ozone Depleting Substances,156882,RemTec,http://remtec.com/
276,"RES Agriculture NC1,",RES Ag – DM2-1 LLC,Livestock,23807,RES Agriculture,
277,"RES Agriculture NC1,",RES Ag – DM4-3 LLC,Livestock,33912,RES Agriculture,
122,Environmental Credit,Ridgecrest Dairy,Livestock,1177,ClimeCo,https://climeco.com/
278,"Rips Redwoods, LLC",Rips Redwoods,U.S. Forest,98751,Rips Redwoods,
37,Camco International,Riverview Farm Anaerobic,Livestock,131206,Camco International,https://www.camco.energy/
280,"Riverview, LLP",Riverview Farm Anaerobic,Livestock,36268,Riverview LLP,https://www.riverviewllp.com/
282,Roeslein Alternative,Roeslein Alternative Energy of,Livestock,68827,Roeslein Alternative Energy,roesleinalternativeenergy.com/
338,UW-Oshkosh,Rosendale Anaerobic Digester,Livestock,94701,Rosendale Dairy,
285,Round Valley Indian,Round Valley Indian Tribes,U.S. Forest,513385,Forest Carbon Partners,http://newforests.com.au/forests-carbon-partners/
244,"RapRec Refrigerants,",RR 2012 1,Ozone Depleting Substances,171993,"RapRec Refrigerants,",https://www.raprec.com/
245,"RapRec Refrigerants,",RR ACR 2013,Ozone Depleting Substances,56124,"RapRec Refrigerants,",https://www.raprec.com/
246,"RapRec Refrigerants,",RR ACR 2014,Ozone Depleting Substances,315794,"RapRec Refrigerants,",https://www.raprec.com/
290,Sierra Pacific,Sacramento Canyon ARB001,U.S. Forest,534860,Sierra Pacific Industries,https://www.spi-ind.com/
229,Origin Climate Inc.,Scenic View Dairy,Livestock,58812,3Degrees,https://3degreesinc.com/
286,"Scenic View Dairy,",Scenic View Dairy Methane,Livestock,72805,3Degrees,https://3degreesinc.com/
294,"Solvay Chemicals, Inc.","Solvay Chemicals, Inc. Waste",Mine Methane,744290,Solvay Chemicals Inc.,https://www.solvay.us/en/index.html
291,Solar & Renewables,Southern Generation,Livestock,11606,Solar & Renewables Management,
62,ClimeCo Corporation,Spruce Haven Farm COP,Livestock,17820,ClimeCo,https://climeco.com/
295,"Statz Bros., Inc.",Statz B Farm Anaerobic,Livestock,35235,Statz Bros Inc,https://www.facebook.com/statzbrothers
296,"Statz Bros., Inc.",Statz Bros. Home Farm,Livestock,20122,Statz Bros Inc,https://www.facebook.com/statzbrothers
38,Camco International,"Storms Hog Power, LLC",Livestock,17339,Camco International,https://www.camco.energy/
297,Storms Hog Power,"Storms Hog Power, LLC",Livestock,28775,Storms Hog,
292,Solar & Renewables,Stotz Southern Generation,Livestock,74777,Solar & Renewables Management,
298,Sunny Knoll Farms,Sunny Knoll Farms Anaerobic,Livestock,25793,Sunny Knoll Farms,www.sunnyknollecofarm.com/
63,ClimeCo Corporation,Sunnyside Farms COP,Livestock,76970,ClimeCo,https://climeco.com/
64,ClimeCo Corporation,Sunnyside Farms Inc,Livestock,34436,ClimeCo,https://climeco.com/
300,"Swiss Valley Farms,",Swiss Valley Farms,Livestock,6519,Swiss Valley Farms,https://www.swissvalley.com/
39,Camco International,"Synergy Biogas, LLC",Livestock,14925,Camco International,https://www.camco.energy/
301,"Synergy Biogas, LLC","Synergy Biogas, LLC",Livestock,22005,Synergy Biogas,http://ch4biogas.com/projects/synergy-biogas/
65,ClimeCo Corporation,T&M Bos Dairy,Livestock,51026,ClimeCo,https://climeco.com/
66,ClimeCo Corporation,T&M Herrema Dairy,Livestock,64228,ClimeCo,https://climeco.com/
67,ClimeCo Corporation,T&M Hidden View Dairy,Livestock,47709,ClimeCo,https://climeco.com/
68,ClimeCo Corporation,T&M Windy Ridge Dairy,Livestock,115802,ClimeCo,https://climeco.com/
45,"Cargill, Inc.",The B6 Dairy Farm,Livestock,46738,"Cargill, Inc",https://www.cargill.com/sustainability/priorities/climate-change
40,Camco International,The Dry Creek Dairy,Livestock,116627,Camco International,https://www.camco.energy/
7,"Ag Power DCD, LLC",The Dry Creek Dairy Biofactory,Livestock,201791,Camco International,https://www.camco.energy/
159,Fred M. van Eck,The Van Eck Forest,U.S. Forest,310888,Pacific Forest Trust,https://www.pacificforest.org/
310,"TMF Biofuels, LLC",TMF Biofuels Dairy Digester,Livestock,95349,TMF Biofuels,
311,"Tradewater, LLC",Tradewater ODS 1,Ozone Depleting Substances,116741,Tradewater LLC,https://www.tradewater.us/
312,"Tradewater, LLC",Tradewater ODS 10,Ozone Depleting Substances,137262,Tradewater LLC,https://www.tradewater.us/
313,"Tradewater, LLC",Tradewater ODS 11,Ozone Depleting Substances,118326,Tradewater LLC,https://www.tradewater.us/
314,"Tradewater, LLC",Tradewater ODS 12,Ozone Depleting Substances,132126,Tradewater LLC,https://www.tradewater.us/
315,"Tradewater, LLC",Tradewater ODS 13,Ozone Depleting Substances,140145,Tradewater LLC,https://www.tradewater.us/
316,"Tradewater, LLC",Tradewater ODS 14,Ozone Depleting Substances,141087,Tradewater LLC,https://www.tradewater.us/
317,"Tradewater, LLC",Tradewater ODS 15,Ozone Depleting Substances,52322,Tradewater LLC,https://www.tradewater.us/
318,"Tradewater, LLC",Tradewater ODS 16,Ozone Depleting Substances,148592,Tradewater LLC,https://www.tradewater.us/
319,"Tradewater, LLC",Tradewater ODS 17,Ozone Depleting Substances,105029,Tradewater LLC,https://www.tradewater.us/
320,"Tradewater, LLC",Tradewater ODS 18,Ozone Depleting Substances,96146,Tradewater LLC,https://www.tradewater.us/
321,"Tradewater, LLC",Tradewater ODS 19,Ozone Depleting Substances,85284,Tradewater LLC,https://www.tradewater.us/
322,"Tradewater, LLC",Tradewater ODS 2,Ozone Depleting Substances,103357,Tradewater LLC,https://www.tradewater.us/
323,"Tradewater, LLC",Tradewater ODS 20,Ozone Depleting Substances,83032,Tradewater LLC,https://www.tradewater.us/
324,"Tradewater, LLC",Tradewater ODS 21,Ozone Depleting Substances,35887,Tradewater LLC,https://www.tradewater.us/
325,"Tradewater, LLC",Tradewater ODS 22,Ozone Depleting Substances,83594,Tradewater LLC,https://www.tradewater.us/
326,"Tradewater, LLC",Tradewater ODS 23,Ozone Depleting Substances,101230,Tradewater LLC,https://www.tradewater.us/
327,"Tradewater, LLC",Tradewater ODS 3,Ozone Depleting Substances,97813,Tradewater LLC,https://www.tradewater.us/
328,"Tradewater, LLC",Tradewater ODS 4,Ozone Depleting Substances,91819,Tradewater LLC,https://www.tradewater.us/
329,"Tradewater, LLC",Tradewater ODS 5,Ozone Depleting Substances,121455,Tradewater LLC,https://www.tradewater.us/
330,"Tradewater, LLC",Tradewater ODS 6,Ozone Depleting Substances,120918,Tradewater LLC,https://www.tradewater.us/
331,"Tradewater, LLC",Tradewater ODS 7,Ozone Depleting Substances,138972,Tradewater LLC,https://www.tradewater.us/
332,"Tradewater, LLC",Tradewater ODS 8,Ozone Depleting Substances,138331,Tradewater LLC,https://www.tradewater.us/
333,"Tradewater, LLC",Tradewater ODS 9,Ozone Depleting Substances,129854,Tradewater LLC,https://www.tradewater.us/
334,"Trinity Timberlands,",Trinity Timberlands University,U.S. Forest,685099,Forest Carbon Partners,http://newforests.com.au/forests-carbon-partners/
336,Usal Redwood Forest,Usal Redwood Forest,U.S. Forest,3166372,The Conservation Fund,https://www.conservationfund.org/projects/usal-redwood-forest
337,Usal Redwood Forest,Usal Redwood Forest – IFM,U.S. Forest,735434,The Conservation Fund,https://www.conservationfund.org/projects/usal-redwood-forest
19,Biothermica Coal,Vamox® Demonstration Project,Mine Methane,80766,Biothermica,http://www.biothermica.com/
160,Fred M. van Eck,Van Eck Forest,U.S. Forest,8426,Pacific Forest Trust,https://www.pacificforest.org/
198,"Maas Energy Works,",Van Steyn Dairy Digester,Livestock,5572,Maas Energy,https://www.maasenergy.com/
69,ClimeCo Corporation,Vander Haak Dairy COP,Livestock,9199,ClimeCo,https://climeco.com/
41,Camco International,Vanderhyde Dairy,Livestock,22251,Camco International,https://www.camco.energy/
97,"Dairy Energy, Inc.",Vanderhyde Dairy,Livestock,26642,VanderHyde Dairy,https://www.vanderhydedairy.com/
339,"Van Erk Dairy, LLC",Van-Erk Digester Project,Livestock,10037,Van Erk Digester,
340,"Verdeo McElroy, LLC",Verdeo McElroy VAM,Mine Methane,197411,McElroy Green Marketing,
238,Philip Verwey Farms,Verwey Hanford Dairy Digester,Livestock,49518,Philip Verwey,
309,The Nature,Virginia Conservation Forestry,U.S. Forest,461121,The Nature Conservancy,https://www.nature.org/en-us/
180,Heartwood Forestland,Virginia Highlands I,U.S. Forest,156167,Finite Carbon,https://www.finitecarbon.com/
345,"Wabashco, LLC",Wabashco Clean Sweep 1,Ozone Depleting Substances,50600,"Wabashco, Inc",
346,"Wabashco, LLC",Wabashco Clean Sweep 2,Ozone Depleting Substances,88044,"Wabashco, Inc",
347,"Wabashco, LLC",Wabashco Clean Sweep 3,Ozone Depleting Substances,112378,"Wabashco, Inc",
348,"Wabashco, LLC",Wabashco Clean Sweep 4,Ozone Depleting Substances,110003,"Wabashco, Inc",
349,"Wabashco, LLC",Wabashco Clean Sweep 5,Ozone Depleting Substances,57589,"Wabashco, Inc",
350,"Wabashco, LLC",Wabashco Clean Sweep 6,Ozone Depleting Substances,39036,"Wabashco, Inc",
351,"Wabashco, LLC",Wabashco Clean Sweep 7,Ozone Depleting Substances,116836,"Wabashco, Inc",
352,"Wabashco, LLC",Wabashco Clean Sweep 8,Ozone Depleting Substances,111977,"Wabashco, Inc",
353,"Wabashco, LLC",Wabashco Clean Sweep 9,Ozone Depleting Substances,93298,"Wabashco, Inc",
367,"WTE Wakker, LLC",Wakker Digester,Livestock,46487,WTE Dairies,
75,Confederated Tribes,Warm Springs Phase One,U.S. Forest,1813212,Finite Carbon,https://www.finitecarbon.com/
42,Camco International,West River Farm Anaerobic,Livestock,95105,Camco International,https://www.camco.energy/
281,"Riverview, LLP",West River Farm Anaerobic,Livestock,60461,Riverview LLP,https://www.riverviewllp.com/
355,White Mountain,White Mountain Apache Tribe,U.S. Forest,9231669,White Mountain Apache Tribe,https://whitemountainapache.org/
43,Camco International,Willet Dairy,Livestock,27688,Camco International,https://www.camco.energy/
356,"Willet Dairy, LLC",Willet Dairy,Livestock,46721,Willet Dairy,
71,"Coastal Ridges LLC, a",Willits Woods,U.S. Forest,1150353,Coastal Ridges LLC,
72,"Coastal Ridges LLC, a",Willits Woods IFM,U.S. Forest,328088,Coastal Ridges LLC,
123,Environmental Credit,Will-O-Crest Farms Livestock,Livestock,2376,ClimeCo,https://climeco.com/
44,Camco International,"Willow Point Dairy, LLC",Livestock,59212,Camco International,https://www.camco.energy/
357,"Willow Point Dairy,","Willow Point Dairy, LLC",Livestock,65333,Willow Point Dairy,
124,Environmental Credit,Windy Ridge Dairy,Livestock,37535,ClimeCo,https://climeco.com/
362,"Woodcrest Dairy, LLC",Woodcrest Dairy Digester,Livestock,18113,Woodcrest Dairy Digester,
358,Wilshire Stanford,WSO 2011 1,Ozone Depleting Substances,87503,Wilshire Stanford Offsets,
359,Wilshire Stanford,WSO 2011 2,Ozone Depleting Substances,46215,Wilshire Stanford Offsets,
363,"WTE-Dallmann, LLC","WTE-Dallmann, LLC",Livestock,67090,WTE Dairies,
364,WTE-S&S Ag,"WTE-S&S Ag Enterprises, LLC",Livestock,53648,WTE Dairies,
181,Heartwood Forestland,Wyoming Improved Forest,U.S. Forest,3848402,Finite Carbon,https://www.finitecarbon.com/
13,Yippee Farms,Yippee Farms,Livestock,23851,Yippee Farms,http://www.yippeefarm.com/index.html
368,Yurok Tribe,Yurok Tribe Sustainable Forest,U.S. Forest,1119977,Forest Carbon Partners,http://newforests.com.au/forests-carbon-partners/
369,Yurok Tribe,Yurok Tribe/Forest Carbon,U.S. Forest,828233,Forest Carbon Partners,http://newforests.com.au/forests-carbon-partners/
